team,total_jugadas_bp,goles_bp,xg_bp,remates_puerta_bp,jugadas_con_superioridad,jugadas_con_freeze_frame,xGxBP,pct_a_puerta,ISA
Croatia,1,0,0.27776286,0,0,1,0.278,0.0,0.0
Czech Republic,2,0,0.22785754700000002,0,0,2,0.114,0.0,0.0
Scotland,1,0,0.10378359,1,0,1,0.104,1.0,0.0
Italy,7,0,0.7181999729999999,1,2,7,0.103,0.143,0.286
Poland,6,1,0.58087565,2,2,6,0.097,0.333,0.333
Turkey,7,1,0.651834565,2,2,7,0.093,0.286,0.286
Serbia,2,1,0.184107327,1,1,2,0.092,0.5,0.5
Denmark,9,0,0.819104344,2,1,9,0.091,0.222,0.111
Spain,10,0,0.727854802,2,3,10,0.073,0.2,0.3
Austria,8,0,0.55482223,2,0,8,0.069,0.25,0.0
Germany,9,0,0.574574978,3,2,9,0.064,0.333,0.222
Netherlands,12,0,0.749514129,1,1,12,0.062,0.083,0.083
Switzerland,3,0,0.17216187,1,0,3,0.057,0.333,0.0
France,9,0,0.500282818,1,2,9,0.056,0.111,0.222
Portugal,11,0,0.5212934107,3,6,11,0.047,0.273,0.545
Belgium,4,0,0.18531998,1,0,4,0.046,0.25,0.0
England,7,0,0.310739494,2,3,7,0.044,0.286,0.429
Slovakia,6,0,0.2626618495,2,3,6,0.044,0.333,0.5
Ukraine,5,0,0.1849018958,2,3,5,0.037,0.4,0.6
Slovenia,3,0,0.101296177,0,1,3,0.034,0.0,0.333
Hungary,2,0,0.036954664,1,0,2,0.018,0.5,0.0
Albania,1,0,0.008601317,0,0,1,0.009,0.0,0.0
Romania,2,0,0.015034222,0,2,2,0.008,0.0,1.0
